lista1,lista2,lista3
"[0.31788950504298097, 0.39089808848601687]","[1.1426470170321914, -1.5851082988324783]","[0.2609253796678154, -0.025915936585866935]"
