lista1,lista2,lista3
"[-1.7115463869827539, 0.06776094986202336]","[-0.7587949475641288, -0.9836841863127825]","[0.20874192845542297, -1.7209054976483769]"
