PM, Times
"[1.23773386937021, 0.4753129217714129]","[0.3625227673124885, -1.1337467350790842]"
